mode,layer,branch,bucket,median,p99,max,emu_median,emu_p99,limit_median,limit_p99,limit_max,pass
fp32_forced,0,attn,,1.7153446173693217e-06,2.498811785456823e-06,3.0752721233053603e-06,0.017234088533102772,0.025220322795210963,0.0001,,0.001,True
fp32_forced,0,moe,,1.848518883687633e-06,2.8917878395337646e-06,3.969310988262768e-06,0.01856538025160319,0.029505676518456505,0.0001,,0.001,True
fp32_forced,1,attn,,1.6723515685985422e-06,2.4973326126016466e-06,3.1387990996940395e-06,0.017539557680720616,0.025451315339959157,0.0001,,0.001,True
fp32_forced,1,moe,,1.3460465642256037e-06,2.1262664782501797e-06,2.927353017073174e-06,0.014274851274625749,0.021849497035474036,0.0001,,0.001,True
fp32_forced,2,attn,,1.7851251104060586e-06,2.5897638756712763e-06,3.2319938349377845e-06,0.017574018320553855,0.02560840689072462,0.0001,,0.001,True
fp32_forced,2,moe,,1.2008576252675872e-06,1.8249300782740526e-06,2.3562934139799794e-06,0.012279533726542103,0.018706000314816663,0.0001,,0.001,True
fp32_forced,3,attn,,1.7225326364966263e-06,2.5271639407194217e-06,3.1775820259327978e-06,0.01747572550162594,0.025481569011774036,0.0001,,0.001,True
fp32_forced,3,moe,,1.05436768075881e-06,1.5997865468212514e-06,2.363242138120543e-06,0.011146648295131761,0.016504147757331156,0.0001,,0.001,True
fp32_forced,4,attn,,1.5899323112019778e-06,2.470948152957292e-06,3.1546878743415155e-06,0.015796562328634862,0.02264694907382228,0.0001,,0.001,True
fp32_forced,4,moe,,9.068331205395287e-07,1.4198635241330612e-06,1.7509051199643655e-06,0.009697279950114648,0.01370526278635866,0.0001,,0.001,True
fp32_forced,5,attn,,1.6831179561172134e-06,2.4944939337626235e-06,3.0300293998065467e-06,0.01736865668270028,0.025311959168774635,0.0001,,0.001,True
fp32_forced,5,moe,,8.842867984699238e-07,1.3433588954546752e-06,1.8651245818908509e-06,0.009765848623910712,0.014027737889593378,0.0001,,0.001,True
fp32_forced,6,attn,,1.6684335770316372e-06,2.4827773982110846e-06,3.1580705395181045e-06,0.017543863559739074,0.025258642765659478,0.0001,,0.001,True
fp32_forced,6,moe,,8.323111264441519e-07,1.2632705993963147e-06,1.763462314054941e-06,0.009397787941842175,0.013271361982903265,0.0001,,0.001,True
fp32_forced,7,attn,,1.6902092655527072e-06,2.5069976327484203e-06,3.0705160865271257e-06,0.01745101259283599,0.025478828602897546,0.0001,,0.001,True
fp32_forced,7,moe,,8.009950408044853e-07,1.1854453710210412e-06,1.5883744891888572e-06,0.0090449222622552,0.012873778560899697,0.0001,,0.001,True
fp32_forced,8,attn,,1.7632310718693913e-06,2.5615999897634584e-06,3.2576424465016324e-06,0.017420964803674624,0.025281175056705487,0.0001,,0.001,True
fp32_forced,8,moe,,7.974948419565361e-07,1.169864881333283e-06,1.4466638768398856e-06,0.008837816204814941,0.012308525903194919,0.0001,,0.001,True
fp32_forced,9,attn,,1.7041267932113864e-06,2.5516560366106682e-06,2.9576649911844556e-06,0.015986860182378864,0.02309132131207099,0.0001,,0.001,True
fp32_forced,9,moe,,7.461875182884754e-07,1.1034127115294362e-06,1.360477731957753e-06,0.008258881574994967,0.011274307841426502,0.0001,,0.001,True
bf16_forced,0,attn,,0.017235462726988778,0.02518263124315997,0.03180350008812094,0.017234088533102772,0.025220322795210963,0.051702265599308316,0.07566096838563288,,True
bf16_forced,0,moe,,0.018858384867582664,0.029753601080734545,0.03999286861055034,0.01856538025160319,0.029505676518456505,0.05569614075480957,0.08851702955536951,,True
bf16_forced,1,attn,,0.01886526958775476,0.027423603900555628,0.032896446347088645,0.017539557680720616,0.025451315339959157,0.05261867304216185,0.07635394601987747,,True
bf16_forced,1,moe,,0.015470428946438108,0.02398435732966037,0.03152289824493714,0.014274851274625749,0.021849497035474036,0.042824553823877246,0.06554849110642211,,True
bf16_forced,2,attn,,0.018911042199634572,0.027664209958626125,0.032136535491847945,0.017574018320553855,0.02560840689072462,0.05272205496166156,0.07682522067217386,,True
bf16_forced,2,moe,,0.013325087528479631,0.020092003755779873,0.02507307101129941,0.012279533726542103,0.018706000314816663,0.03683860117962631,0.05611800094444999,,True
bf16_forced,3,attn,,0.01885760182915755,0.027641415149112624,0.03665242906368555,0.01747572550162594,0.025481569011774036,0.05242717650487782,0.07644470703532211,,True
bf16_forced,3,moe,,0.012112621405486147,0.017915351387523447,0.022394231932208936,0.011146648295131761,0.016504147757331156,0.033439944885395284,0.05,,True
bf16_forced,4,attn,,0.017255925914775587,0.02481904238523435,0.029413485249588953,0.015796562328634862,0.02264694907382228,0.04738968698590459,0.06794084722146684,,True
bf16_forced,4,moe,,0.010660961302294972,0.015223056878847596,0.01942667932626938,0.009697279950114648,0.01370526278635866,0.029091839850343942,0.05,,True
bf16_forced,5,attn,,0.018689827398025473,0.027303168934657472,0.031731588361017055,0.01736865668270028,0.025311959168774635,0.052105970048100844,0.07593587750632391,,True
bf16_forced,5,moe,,0.010673415518351766,0.015591250198405874,0.019408877010052082,0.009765848623910712,0.014027737889593378,0.029297545871732136,0.05,,True
bf16_forced,6,attn,,0.018886561144078582,0.027322999295172515,0.037053631536889814,0.017543863559739074,0.025258642765659478,0.05263159067921722,0.07577592829697843,,True
bf16_forced,6,moe,,0.010250760779951452,0.014458802034253548,0.018464955972523952,0.009397787941842175,0.013271361982903265,0.028193363825526525,0.05,,True
bf16_forced,7,attn,,0.018750711796621182,0.027256540662673665,0.03221299262301918,0.01745101259283599,0.025478828602897546,0.05235303777850797,0.07643648580869264,,True
bf16_forced,7,moe,,0.009821125641529871,0.013951759876022247,0.017135129612734983,0.0090449222622552,0.012873778560899697,0.0271347667867656,0.05,,True
bf16_forced,8,attn,,0.01870085958647498,0.02753488133151249,0.033395563845699354,0.017420964803674624,0.025281175056705487,0.05226289441102387,0.07584352517011646,,True
bf16_forced,8,moe,,0.009641473065787203,0.013395542163145533,0.015926311923306888,0.008837816204814941,0.012308525903194919,0.026513448614444823,0.05,,True
bf16_forced,9,attn,,0.017381372546122528,0.02525112775536317,0.032139836123743874,0.015986860182378864,0.02309132131207099,0.04796058054713659,0.06927396393621296,,True
bf16_forced,9,moe,,0.009114412454699993,0.012648775052241571,0.015993483477195914,0.008258881574994967,0.011274307841426502,0.024776644724984902,0.05,,True
t9_bf16_forced,0,attn,0-1056,0.01736026236890271,0.02520602554738088,0.03166093060264577,0.017234088533102772,0.025220322795210963,0.051702265599308316,0.07566096838563288,,True
t9_bf16_forced,0,moe,0-1056,0.01893422951642391,0.030110389192458557,0.03484825286606024,0.01856538025160319,0.029505676518456505,0.05569614075480957,0.08851702955536951,,True
t9_bf16_forced,0,attn,1056-2112,0.017850458768907077,0.025596484750680538,0.029605603735757362,0.017234088533102772,0.025220322795210963,0.051702265599308316,0.07566096838563288,,True
t9_bf16_forced,0,moe,1056-2112,0.019418882967828087,0.029728340471255357,0.034569872932308426,0.01856538025160319,0.029505676518456505,0.05569614075480957,0.08851702955536951,,True
t9_bf16_forced,0,attn,2112-4224,0.01763972768606593,0.02508710248313679,0.02924378438502375,0.017234088533102772,0.025220322795210963,0.051702265599308316,0.07566096838563288,,True
t9_bf16_forced,0,moe,2112-4224,0.019290888228893223,0.029216417441046576,0.03368168133337813,0.01856538025160319,0.029505676518456505,0.05569614075480957,0.08851702955536951,,True
t9_bf16_forced,1,attn,0-1056,0.018968088658741035,0.027429201150633818,0.032474284299920865,0.017539557680720616,0.025451315339959157,0.05261867304216185,0.07635394601987747,,True
t9_bf16_forced,1,moe,0-1056,0.015536529281365452,0.023508576461876464,0.029092112041830837,0.014274851274625749,0.021849497035474036,0.042824553823877246,0.06554849110642211,,True
t9_bf16_forced,1,attn,1056-2112,0.01918619123512177,0.027386420380015236,0.030628682519695347,0.017539557680720616,0.025451315339959157,0.05261867304216185,0.07635394601987747,,True
t9_bf16_forced,1,moe,1056-2112,0.015707383840462,0.023525854751695635,0.02671496464660314,0.014274851274625749,0.021849497035474036,0.042824553823877246,0.06554849110642211,,True
t9_bf16_forced,1,attn,2112-4224,0.01929318820419678,0.02796845349183744,0.0314436828694467,0.017539557680720616,0.025451315339959157,0.05261867304216185,0.07635394601987747,,True
t9_bf16_forced,1,moe,2112-4224,0.015818033121984765,0.02536256833513273,0.028393275127683328,0.014274851274625749,0.021849497035474036,0.042824553823877246,0.06554849110642211,,True
t9_bf16_forced,2,attn,0-1056,0.01900748098234633,0.028288975418793477,0.032414562925678334,0.017574018320553855,0.02560840689072462,0.05272205496166156,0.07682522067217386,,True
t9_bf16_forced,2,moe,0-1056,0.013299886134818535,0.02011805355513918,0.022494128891278112,0.012279533726542103,0.018706000314816663,0.03683860117962631,0.05611800094444999,,True
t9_bf16_forced,2,attn,1056-2112,0.019573946773458667,0.02798524397112733,0.03333083390099446,0.017574018320553855,0.02560840689072462,0.05272205496166156,0.07682522067217386,,True
t9_bf16_forced,2,moe,1056-2112,0.01365407489911026,0.021083332143398675,0.02451384573943868,0.012279533726542103,0.018706000314816663,0.03683860117962631,0.05611800094444999,,True
t9_bf16_forced,2,attn,2112-4224,0.019581195198420005,0.02817034525196014,0.03179528900882068,0.017574018320553855,0.02560840689072462,0.05272205496166156,0.07682522067217386,,True
t9_bf16_forced,2,moe,2112-4224,0.013675806596064832,0.02029491850304665,0.023183759580921674,0.012279533726542103,0.018706000314816663,0.03683860117962631,0.05611800094444999,,True
t9_bf16_forced,3,attn,0-1056,0.018773300461029596,0.02718814025203884,0.03212246419460423,0.01747572550162594,0.025481569011774036,0.05242717650487782,0.07644470703532211,,True
t9_bf16_forced,3,moe,0-1056,0.012037488600032592,0.017978552658480258,0.021429170086388786,0.011146648295131761,0.016504147757331156,0.033439944885395284,0.05,,True
t9_bf16_forced,3,attn,1056-2112,0.019441753037132154,0.027505888126891948,0.033084492598696634,0.01747572550162594,0.025481569011774036,0.05242717650487782,0.07644470703532211,,True
t9_bf16_forced,3,moe,1056-2112,0.012439487794798757,0.01835591024777963,0.020768791151126828,0.011146648295131761,0.016504147757331156,0.033439944885395284,0.05,,True
t9_bf16_forced,3,attn,2112-4224,0.019407583447407253,0.02801110273727938,0.03241662839224395,0.01747572550162594,0.025481569011774036,0.05242717650487782,0.07644470703532211,,True
t9_bf16_forced,3,moe,2112-4224,0.01244637296910537,0.018359373041796592,0.021883961536561934,0.011146648295131761,0.016504147757331156,0.033439944885395284,0.05,,True
t9_bf16_forced,4,attn,0-1056,0.017208676389587462,0.02498517417921275,0.033869728583627065,0.015796562328634862,0.02264694907382228,0.04738968698590459,0.06794084722146684,,True
t9_bf16_forced,4,moe,0-1056,0.01054473392388438,0.014885271060391836,0.019052593118357698,0.009697279950114648,0.01370526278635866,0.029091839850343942,0.05,,True
t9_bf16_forced,4,attn,1056-2112,0.018254207079210428,0.025564325848953347,0.03035376321820717,0.015796562328634862,0.02264694907382228,0.04738968698590459,0.06794084722146684,,True
t9_bf16_forced,4,moe,1056-2112,0.010969408658032982,0.0156830374838651,0.01846928353050045,0.009697279950114648,0.01370526278635866,0.029091839850343942,0.05,,True
t9_bf16_forced,4,attn,2112-4224,0.018839795519937065,0.026213719107311045,0.030502734400979194,0.015796562328634862,0.02264694907382228,0.04738968698590459,0.06794084722146684,,True
t9_bf16_forced,4,moe,2112-4224,0.01119019004882517,0.01594198706484355,0.019868181390088963,0.009697279950114648,0.01370526278635866,0.029091839850343942,0.05,,True
t9_bf16_forced,5,attn,0-1056,0.01857786439992084,0.026578786477659336,0.03197062290462552,0.01736865668270028,0.025311959168774635,0.052105970048100844,0.07593587750632391,,True
t9_bf16_forced,5,moe,0-1056,0.01063825832443388,0.015567396002426638,0.017660161352027966,0.009765848623910712,0.014027737889593378,0.029297545871732136,0.05,,True
t9_bf16_forced,5,attn,1056-2112,0.01921839607410031,0.026927906589633212,0.03327344443572773,0.01736865668270028,0.025311959168774635,0.052105970048100844,0.07593587750632391,,True
t9_bf16_forced,5,moe,1056-2112,0.01085141405819742,0.01589258997745424,0.01843762079141502,0.009765848623910712,0.014027737889593378,0.029297545871732136,0.05,,True
t9_bf16_forced,5,attn,2112-4224,0.019349790800451627,0.02798174333311053,0.03296865095376916,0.01736865668270028,0.025311959168774635,0.052105970048100844,0.07593587750632391,,True
t9_bf16_forced,5,moe,2112-4224,0.010857536132066248,0.015502260806610078,0.019641207157571346,0.009765848623910712,0.014027737889593378,0.029297545871732136,0.05,,True
t9_bf16_forced,6,attn,0-1056,0.018927387710032217,0.027044092980094445,0.029500313690956185,0.017543863559739074,0.025258642765659478,0.05263159067921722,0.07577592829697843,,True
t9_bf16_forced,6,moe,0-1056,0.0102334280033531,0.014265699514306136,0.017475731441807727,0.009397787941842175,0.013271361982903265,0.028193363825526525,0.05,,True
t9_bf16_forced,6,attn,1056-2112,0.01939791044322834,0.02730411700843431,0.03147034657106762,0.017543863559739074,0.025258642765659478,0.05263159067921722,0.07577592829697843,,True
t9_bf16_forced,6,moe,1056-2112,0.010446202597990915,0.014481506518433083,0.016587855847589907,0.009397787941842175,0.013271361982903265,0.028193363825526525,0.05,,True
t9_bf16_forced,6,attn,2112-4224,0.019512359153228187,0.028129958919675773,0.03412505501995503,0.017543863559739074,0.025258642765659478,0.05263159067921722,0.07577592829697843,,True
t9_bf16_forced,6,moe,2112-4224,0.010482135691783159,0.015016071203036097,0.016621802832974774,0.009397787941842175,0.013271361982903265,0.028193363825526525,0.05,,True
t9_bf16_forced,7,attn,0-1056,0.01861558112451141,0.02672104339716841,0.02942493840044039,0.01745101259283599,0.025478828602897546,0.05235303777850797,0.07643648580869264,,True
t9_bf16_forced,7,moe,0-1056,0.009716452765175021,0.013767427080459332,0.015690820372801992,0.0090449222622552,0.012873778560899697,0.0271347667867656,0.05,,True
t9_bf16_forced,7,attn,1056-2112,0.019305011734393637,0.026852481855729398,0.03577950086336791,0.01745101259283599,0.025478828602897546,0.05235303777850797,0.07643648580869264,,True
t9_bf16_forced,7,moe,1056-2112,0.010013053270752411,0.013628130717248582,0.015055930709990723,0.0090449222622552,0.012873778560899697,0.0271347667867656,0.05,,True
t9_bf16_forced,7,attn,2112-4224,0.019343328098957627,0.027448091997652888,0.03181166073124049,0.01745101259283599,0.025478828602897546,0.05235303777850797,0.07643648580869264,,True
t9_bf16_forced,7,moe,2112-4224,0.01000137741139396,0.013934070112283316,0.01692879873609696,0.0090449222622552,0.012873778560899697,0.0271347667867656,0.05,,True
t9_bf16_forced,8,attn,0-1056,0.018539096930105338,0.027194911695478864,0.031093261607883404,0.017420964803674624,0.025281175056705487,0.05226289441102387,0.07584352517011646,,True
t9_bf16_forced,8,moe,0-1056,0.009648894535488884,0.013196766806739549,0.015397818898562864,0.008837816204814941,0.012308525903194919,0.026513448614444823,0.05,,True
t9_bf16_forced,8,attn,1056-2112,0.01941043334428666,0.028453847369764855,0.03375819555375652,0.017420964803674624,0.025281175056705487,0.05226289441102387,0.07584352517011646,,True
t9_bf16_forced,8,moe,1056-2112,0.009889722388675056,0.013772998933971107,0.015849276020433047,0.008837816204814941,0.012308525903194919,0.026513448614444823,0.05,,True
t9_bf16_forced,8,attn,2112-4224,0.019285488996804857,0.02753583149917931,0.0320191279503184,0.017420964803674624,0.025281175056705487,0.05226289441102387,0.07584352517011646,,True
t9_bf16_forced,8,moe,2112-4224,0.009792354477815837,0.013646837280980604,0.016917612224513788,0.008837816204814941,0.012308525903194919,0.026513448614444823,0.05,,True
t9_bf16_forced,9,attn,0-1056,0.01756786930503803,0.02528067830613293,0.027522773879374723,0.015986860182378864,0.02309132131207099,0.04796058054713659,0.06927396393621296,,True
t9_bf16_forced,9,moe,0-1056,0.00908780209124926,0.012468097958841943,0.014570974879475434,0.008258881574994967,0.011274307841426502,0.024776644724984902,0.05,,True
t9_bf16_forced,9,attn,1056-2112,0.01844389979768357,0.02605298301731966,0.027440803371622035,0.015986860182378864,0.02309132131207099,0.04796058054713659,0.06927396393621296,,True
t9_bf16_forced,9,moe,1056-2112,0.009353550830412992,0.012544388558318877,0.014365642245619778,0.008258881574994967,0.011274307841426502,0.024776644724984902,0.05,,True
t9_bf16_forced,9,attn,2112-4224,0.019120324655198997,0.026957613620858314,0.030725410092564156,0.015986860182378864,0.02309132131207099,0.04796058054713659,0.06927396393621296,,True
t9_bf16_forced,9,moe,2112-4224,0.009509677018227004,0.013158052459766352,0.016507063645297033,0.008258881574994967,0.011274307841426502,0.024776644724984902,0.05,,True
g2q_K4,0,attn,,0.018399960449659573,0.02653016021557618,0.03373570787885211,0.017234088533102772,0.025220322795210963,0.051702265599308316,0.07566096838563288,,True
g2q_K4,0,moe,,0.020034645790133962,0.03151488015966858,0.03917800413925817,0.01856538025160319,0.029505676518456505,0.05569614075480957,0.08851702955536951,,True
g2q_K4,1,attn,,0.019829349486717978,0.028590658403003205,0.036865614801987655,0.017539557680720616,0.025451315339959157,0.05261867304216185,0.07635394601987747,,True
g2q_K4,1,moe,,0.016286557717288118,0.024581280111696708,0.03152367915747205,0.014274851274625749,0.021849497035474036,0.042824553823877246,0.06554849110642211,,True
g2q_K4,2,attn,,0.019956635679991966,0.028894613692020475,0.03530880317203029,0.017574018320553855,0.02560840689072462,0.05272205496166156,0.07682522067217386,,True
g2q_K4,2,moe,,0.014070734769895442,0.0210114865209797,0.026849767045467113,0.012279533726542103,0.018706000314816663,0.03683860117962631,0.05611800094444999,,True
g2q_K4,3,attn,,0.019822644166519104,0.02877520155897004,0.03572340156801011,0.01747572550162594,0.025481569011774036,0.05242717650487782,0.07644470703532211,,True
g2q_K4,3,moe,,0.012785829504724875,0.019048272169688265,0.025361386033841908,0.011146648295131761,0.016504147757331156,0.033439944885395284,0.05,,True
g2q_K4,4,attn,,0.018255723110371734,0.026324817529602716,0.0363297451024234,0.015796562328634862,0.02264694907382228,0.04738968698590459,0.06794084722146684,,True
g2q_K4,4,moe,,0.011293092233096064,0.01602633953048695,0.01996669760722403,0.009697279950114648,0.01370526278635866,0.029091839850343942,0.05,,True
g2q_K4,5,attn,,0.019671278193824512,0.028362546333212717,0.03337228082962567,0.01736865668270028,0.025311959168774635,0.052105970048100844,0.07593587750632391,,True
g2q_K4,5,moe,,0.01121306433756366,0.016110978859453815,0.02051276824033832,0.009765848623910712,0.014027737889593378,0.029297545871732136,0.05,,True
g2q_K4,6,attn,,0.019693075757007385,0.028698531101035124,0.03672766309528571,0.017543863559739074,0.025258642765659478,0.05263159067921722,0.07577592829697843,,True
g2q_K4,6,moe,,0.010775422395971321,0.015256915125656821,0.020771417443799445,0.009397787941842175,0.013271361982903265,0.028193363825526525,0.05,,True
g2q_K4,7,attn,,0.019784282321476002,0.028930650058079436,0.03405573283621577,0.01745101259283599,0.025478828602897546,0.05235303777850797,0.07643648580869264,,True
g2q_K4,7,moe,,0.010393477962958144,0.014611761130042466,0.01802713522531583,0.0090449222622552,0.012873778560899697,0.0271347667867656,0.05,,True
g2q_K4,8,attn,,0.0197199092902139,0.029079672744366906,0.03684649596204933,0.017420964803674624,0.025281175056705487,0.05226289441102387,0.07584352517011646,,True
g2q_K4,8,moe,,0.010167579937518916,0.014336676163288984,0.018186954333179704,0.008837816204814941,0.012308525903194919,0.026513448614444823,0.05,,True
g2q_K4,9,attn,,0.01846237233246069,0.026442151152727383,0.03154739924292545,0.015986860182378864,0.02309132131207099,0.04796058054713659,0.06927396393621296,,True
g2q_K4,9,moe,,0.009620111170627447,0.013222894132318965,0.015940496121874537,0.008258881574994967,0.011274307841426502,0.024776644724984902,0.05,,True
g2q_K8,0,attn,,0.01852842287495558,0.026861296888204586,0.03348087266338026,0.017234088533102772,0.025220322795210963,0.051702265599308316,0.07566096838563288,,True
g2q_K8,0,moe,,0.020217226133405392,0.03208391405557458,0.04042246344760693,0.01856538025160319,0.029505676518456505,0.05569614075480957,0.08851702955536951,,True
g2q_K8,1,attn,,0.020026120520199427,0.029020326895727297,0.034544482591245346,0.017539557680720616,0.025451315339959157,0.05261867304216185,0.07635394601987747,,True
g2q_K8,1,moe,,0.016383006399113845,0.025419565733145685,0.03186026555515812,0.014274851274625749,0.021849497035474036,0.042824553823877246,0.06554849110642211,,True
g2q_K8,2,attn,,0.020178873244690955,0.02923360393283497,0.034345464786519,0.017574018320553855,0.02560840689072462,0.05272205496166156,0.07682522067217386,,True
g2q_K8,2,moe,,0.014226660067461233,0.021249516100166246,0.029559236029679074,0.012279533726542103,0.018706000314816663,0.03683860117962631,0.05611800094444999,,True
g2q_K8,3,attn,,0.019983839640672327,0.029324522698048437,0.0351184194205998,0.01747572550162594,0.025481569011774036,0.05242717650487782,0.07644470703532211,,True
g2q_K8,3,moe,,0.012894508157948823,0.019295728483908644,0.026273721185307557,0.011146648295131761,0.016504147757331156,0.033439944885395284,0.05,,True
g2q_K8,4,attn,,0.01839299273422452,0.026472379030262425,0.03484800395606192,0.015796562328634862,0.02264694907382228,0.04738968698590459,0.06794084722146684,,True
g2q_K8,4,moe,,0.011398729796074829,0.016220527278748405,0.02059716968975351,0.009697279950114648,0.01370526278635866,0.029091839850343942,0.05,,True
g2q_K8,5,attn,,0.019852803641448986,0.028950709678809097,0.03593583919057717,0.01736865668270028,0.025311959168774635,0.052105970048100844,0.07593587750632391,,True
g2q_K8,5,moe,,0.011338604441420812,0.01638291218029979,0.02147891622403109,0.009765848623910712,0.014027737889593378,0.029297545871732136,0.05,,True
g2q_K8,6,attn,,0.01999579577642334,0.028900547688774005,0.03561714987492616,0.017543863559739074,0.025258642765659478,0.05263159067921722,0.07577592829697843,,True
g2q_K8,6,moe,,0.010910814727987633,0.015428944451747023,0.019836482756126393,0.009397787941842175,0.013271361982903265,0.028193363825526525,0.05,,True
g2q_K8,7,attn,,0.019963565717887884,0.028614190414142003,0.03628334971133792,0.01745101259283599,0.025478828602897546,0.05235303777850797,0.07643648580869264,,True
g2q_K8,7,moe,,0.01049627675145818,0.01462635960786698,0.019569509415813497,0.0090449222622552,0.012873778560899697,0.0271347667867656,0.05,,True
g2q_K8,8,attn,,0.019904484713194753,0.02901310234189786,0.03456611655807074,0.017420964803674624,0.025281175056705487,0.05226289441102387,0.07584352517011646,,True
g2q_K8,8,moe,,0.01026196890895369,0.01428133370282295,0.016922172506200428,0.008837816204814941,0.012308525903194919,0.026513448614444823,0.05,,True
g2q_K8,9,attn,,0.018650093343661737,0.026771622164628722,0.03247860442843209,0.015986860182378864,0.02309132131207099,0.04796058054713659,0.06927396393621296,,True
g2q_K8,9,moe,,0.009756642597976563,0.01331010221457638,0.017538619973422532,0.008258881574994967,0.011274307841426502,0.024776644724984902,0.05,,True
